nos,conjunto,portas,quantidade_tipos_porta,levels_back,total_execucoes,sucessos,taxa_sucesso_percentual,hits_percentual,melhor_portas_funcional,reducao_melhor_vs_benchmark_externo_percentual,reducao_melhor_vs_benchmark_interno_percentual,mediana_portas_funcionais,media_portas_funcionais,desvio_padrao_portas_funcionais,mediana_profundidade_funcional,media_profundidade_funcional,desvio_padrao_profundidade_funcional,mediana_geracao_equivalencia,media_geracao_equivalencia,desvio_padrao_geracao_equivalencia,mediana_avaliacoes_ate_equivalencia,MES_avaliacoes_ate_sucesso,media_avaliacoes_ate_equivalencia,desvio_padrao_avaliacoes_ate_equivalencia,tempo_medio_execucao_s,tempo_mediano_execucao_s,desvio_padrao_tempo_execucao_s,tempo_medio_equivalencia_s,tempo_mediano_equivalencia_s,desvio_padrao_tempo_equivalencia_s,avaliacoes_por_segundo_media,espaco_busca_genotipos,espaco_busca_log10,espaco_busca_reducao_vs_full_percentual,opcoes_conexao_min,opcoes_conexao_max,espaco_busca_reducao_vs_full_ordens_magnitude
40,K4_AND_NAND_NOR_NOT,and | nand | nor | not,4,FULL,27,9,33.33,33.33,16,27.272727,-6.666667,19.0,18.6667,1.3229,7.0,7.4444,2.0683,11430.0,11944.1111,4121.3765,45721.0,45721.0,47777.4444,16485.5058,24.2424,24.6508,1.2407,14.6298,14.0109,5.3781,3308.5592,39134449539160319748752428573857942150568872293269673452737056425527975029291985761894436881521463594146509023458105491456000000000000000000,139.592559,0.0,4,43,0.0
40,K4_AND_NAND_NOR_XNOR,and | nand | nor | xnor,4,FULL,27,22,81.48,81.48,15,31.818182,0.0,18.0,18.0909,1.8749,7.0,6.5909,0.9591,7195.5,9093.5455,5787.3203,28783.0,28783.0,36375.1818,23149.2811,24.2513,24.5065,1.3478,11.5439,8.6288,7.5057,3308.7791,39134449539160319748752428573857942150568872293269673452737056425527975029291985761894436881521463594146509023458105491456000000000000000000,139.592559,0.0,4,43,0.0
40,K4_AND_NAND_NOR_XOR,and | nand | nor | xor,4,FULL,27,23,85.19,85.19,15,31.818182,0.0,18.0,17.8261,2.0148,7.0,6.913,1.8565,9257.0,9976.0,4942.8673,37029.0,37029.0,39905.0,19771.4693,24.0582,24.2953,1.554,12.5662,11.0227,5.7713,3338.8265,39134449539160319748752428573857942150568872293269673452737056425527975029291985761894436881521463594146509023458105491456000000000000000000,139.592559,0.0,4,43,0.0
40,K4_AND_NAND_XNOR_NOT,and | nand | xnor | not,4,FULL,27,10,37.04,37.04,16,27.272727,-6.666667,18.0,19.1,2.4698,7.0,7.4,1.5776,11776.5,12393.4,3969.3394,47107.0,47107.0,49574.6,15877.3575,24.8087,25.0067,1.4344,15.6373,14.8971,5.9123,3235.3928,39134449539160319748752428573857942150568872293269673452737056425527975029291985761894436881521463594146509023458105491456000000000000000000,139.592559,0.0,4,43,0.0
40,K4_AND_NAND_XOR_NOT,and | nand | xor | not,4,FULL,27,11,40.74,40.74,17,22.727273,-13.333333,19.0,19.7273,2.5334,7.0,7.2727,1.4206,16772.0,13877.5455,5981.769,67089.0,67089.0,55511.1818,23927.0761,24.2397,24.2591,1.3038,16.1915,18.8467,7.5896,3309.7882,39134449539160319748752428573857942150568872293269673452737056425527975029291985761894436881521463594146509023458105491456000000000000000000,139.592559,0.0,4,43,0.0
40,K4_AND_NAND_XOR_XNOR,and | nand | xor | xnor,4,FULL,27,12,44.44,44.44,16,27.272727,-6.666667,19.0,19.0,1.6514,7.0,6.8333,0.8348,11017.0,10653.9167,5708.9105,44069.0,44069.0,42616.6667,22835.6419,24.8579,25.0941,1.6381,13.0105,13.1244,7.7941,3232.5255,39134449539160319748752428573857942150568872293269673452737056425527975029291985761894436881521463594146509023458105491456000000000000000000,139.592559,0.0,4,43,0.0
40,K4_AND_NOR_XNOR_NOT,and | nor | xnor | not,4,FULL,27,8,29.63,29.63,18,18.181818,-20.0,20.5,20.875,2.1671,7.5,7.25,0.8864,10189.0,11409.875,4731.1276,40757.0,40757.0,45640.5,18924.5105,24.7186,24.9196,1.2129,14.7508,13.3508,5.9969,3243.9685,39134449539160319748752428573857942150568872293269673452737056425527975029291985761894436881521463594146509023458105491456000000000000000000,139.592559,0.0,4,43,0.0
40,K4_AND_NOR_XOR_NOT,and | nor | xor | not,4,FULL,27,8,29.63,29.63,19,13.636364,-26.666667,21.0,22.0,2.5635,7.0,6.875,0.6409,16107.0,14604.875,4844.9704,64429.0,64429.0,58420.5,19379.8815,24.495,24.2355,1.2787,18.1873,20.7466,6.566,3274.6775,39134449539160319748752428573857942150568872293269673452737056425527975029291985761894436881521463594146509023458105491456000000000000000000,139.592559,0.0,4,43,0.0
40,K4_AND_NOR_XOR_XNOR,and | nor | xor | xnor,4,FULL,27,10,37.04,37.04,20,9.090909,-33.333333,22.5,22.6,2.1705,7.0,7.4,1.8974,12718.0,12967.0,3881.0311,50873.0,50873.0,51869.0,15524.1243,25.134,25.4214,1.4468,16.4746,15.8384,5.3472,3193.5819,39134449539160319748752428573857942150568872293269673452737056425527975029291985761894436881521463594146509023458105491456000000000000000000,139.592559,0.0,4,43,0.0
40,K4_AND_OR_NAND_NOR,and | or | nand | nor,4,FULL,27,16,59.26,59.26,16,27.272727,-6.666667,18.0,17.9375,1.3889,6.5,6.5,0.7303,10557.0,11909.1875,4456.1945,42229.0,42229.0,47637.75,17824.7781,27.5505,27.775,2.1316,17.1879,14.5061,7.4875,2922.8381,39134449539160319748752428573857942150568872293269673452737056425527975029291985761894436881521463594146509023458105491456000000000000000000,139.592559,0.0,4,43,0.0
40,K4_AND_OR_NAND_NOT,and | or | nand | not,4,FULL,27,12,44.44,44.44,16,27.272727,-6.666667,19.0,19.0833,1.7816,7.0,7.25,0.7538,10771.5,11427.75,5027.2141,43087.0,43087.0,45712.0,20108.8563,25.5093,25.5516,1.7087,14.9447,13.4116,7.3864,3150.112,39134449539160319748752428573857942150568872293269673452737056425527975029291985761894436881521463594146509023458105491456000000000000000000,139.592559,0.0,4,43,0.0
40,K4_AND_OR_NAND_XNOR,and | or | nand | xnor,4,FULL,27,22,81.48,81.48,15,31.818182,0.0,18.0,18.0,2.1157,6.5,6.7273,1.609,9625.0,9372.3636,4991.1448,38501.0,38501.0,37490.4545,19964.579,26.5724,26.5213,2.2942,12.9918,13.3153,6.5624,3032.9177,39134449539160319748752428573857942150568872293269673452737056425527975029291985761894436881521463594146509023458105491456000000000000000000,139.592559,0.0,4,43,0.0
40,K4_AND_OR_NAND_XOR,and | or | nand | xor,4,FULL,27,23,85.19,85.19,14,36.363636,6.666667,17.0,17.1739,1.5271,7.0,6.8696,1.0576,8176.0,8314.3043,4340.6079,32705.0,32705.0,33258.2174,17362.4315,25.6472,25.8297,2.1228,10.9687,10.5455,5.4658,3140.8655,39134449539160319748752428573857942150568872293269673452737056425527975029291985761894436881521463594146509023458105491456000000000000000000,139.592559,0.0,4,43,0.0
40,K4_AND_OR_NOR_NOT,and | or | nor | not,4,FULL,27,13,48.15,48.15,16,27.272727,-6.666667,19.0,19.2308,2.5545,7.0,7.3846,1.1929,9711.0,10449.0769,5175.8366,38845.0,38845.0,41797.3077,20703.3463,24.209,24.3246,1.4584,12.7142,10.2242,6.3155,3316.3328,39134449539160319748752428573857942150568872293269673452737056425527975029291985761894436881521463594146509023458105491456000000000000000000,139.592559,0.0,4,43,0.0
40,K4_AND_OR_NOR_XNOR,and | or | nor | xnor,4,FULL,27,24,88.89,88.89,15,31.818182,0.0,19.0,19.0,1.9111,7.0,6.7083,1.1971,7831.0,9195.5833,4955.8325,31325.0,31325.0,36783.3333,19823.3301,24.6066,25.3779,1.6568,11.9086,10.6697,6.665,3265.7702,39134449539160319748752428573857942150568872293269673452737056425527975029291985761894436881521463594146509023458105491456000000000000000000,139.592559,0.0,4,43,0.0
40,K4_AND_OR_NOR_XOR,and | or | nor | xor,4,FULL,27,26,96.3,96.3,14,36.363636,6.666667,19.0,18.7692,2.0651,6.5,6.5769,1.1375,5657.5,7408.6923,4677.3149,22631.0,22631.0,29635.7692,18709.2596,24.7633,25.3389,1.3266,9.6329,8.527,6.1295,3239.9011,39134449539160319748752428573857942150568872293269673452737056425527975029291985761894436881521463594146509023458105491456000000000000000000,139.592559,0.0,4,43,0.0
40,K4_AND_OR_XNOR_NOT,and | or | xnor | not,4,FULL,27,14,51.85,51.85,16,27.272727,-6.666667,20.5,19.9286,2.6736,8.0,7.8571,1.2315,10326.0,10854.5714,4930.7801,41305.0,41305.0,43419.2857,19723.1203,24.7857,25.1672,1.1126,13.8403,13.5131,5.6341,3234.1093,39134449539160319748752428573857942150568872293269673452737056425527975029291985761894436881521463594146509023458105491456000000000000000000,139.592559,0.0,4,43,0.0
40,K4_AND_OR_XOR_NOT,and | or | xor | not,4,FULL,27,18,66.67,66.67,16,27.272727,-6.666667,18.0,18.7778,2.1572,6.5,6.8889,1.4096,7792.5,8790.8889,4014.7576,31171.0,31171.0,35164.5556,16059.0303,23.8173,24.1608,1.3127,10.9446,10.1091,4.4743,3368.9321,39134449539160319748752428573857942150568872293269673452737056425527975029291985761894436881521463594146509023458105491456000000000000000000,139.592559,0.0,4,43,0.0
40,K4_AND_OR_XOR_XNOR,and | or | xor | xnor,4,FULL,27,22,81.48,81.48,16,27.272727,-6.666667,20.0,20.0455,2.3599,7.5,7.5,1.1443,8714.5,9164.9545,5075.2621,34859.0,34859.0,36660.8182,20301.0485,24.5163,24.6599,1.532,11.9642,12.2217,6.3521,3276.194,39134449539160319748752428573857942150568872293269673452737056425527975029291985761894436881521463594146509023458105491456000000000000000000,139.592559,0.0,4,43,0.0
40,K4_AND_XOR_XNOR_NOT,and | xor | xnor | not,4,FULL,27,2,7.41,7.41,25,-13.636364,-66.666667,26.0,26.0,1.4142,8.0,8.0,1.4142,13993.5,13993.5,1338.5531,55975.0,55975.0,55975.0,5354.2125,27.4306,26.7398,3.2835,17.1118,17.1118,0.9996,2956.896,39134449539160319748752428573857942150568872293269673452737056425527975029291985761894436881521463594146509023458105491456000000000000000000,139.592559,0.0,4,43,0.0
40,K4_NAND_NOR_XNOR_NOT,nand | nor | xnor | not,4,FULL,27,19,70.37,70.37,16,27.272727,-6.666667,19.0,18.7368,1.2842,7.0,6.7368,1.1471,8356.0,7660.6842,4271.5341,33425.0,33425.0,30643.7368,17086.1365,25.4962,25.3686,1.3625,10.3813,9.4353,5.8718,3146.4842,39134449539160319748752428573857942150568872293269673452737056425527975029291985761894436881521463594146509023458105491456000000000000000000,139.592559,0.0,4,43,0.0
40,K4_NAND_NOR_XOR_NOT,nand | nor | xor | not,4,FULL,27,21,77.78,77.78,16,27.272727,-6.666667,19.0,19.4286,2.6565,7.0,7.5714,1.3256,7839.0,9845.6667,5762.0362,31357.0,31357.0,39383.6667,23048.1448,24.2669,24.7697,1.8467,12.3973,10.0642,7.6356,3314.3544,39134449539160319748752428573857942150568872293269673452737056425527975029291985761894436881521463594146509023458105491456000000000000000000,139.592559,0.0,4,43,0.0
40,K4_NAND_NOR_XOR_XNOR,nand | nor | xor | xnor,4,FULL,27,19,70.37,70.37,15,31.818182,0.0,18.0,18.2105,1.9026,7.0,7.1053,1.8225,9034.0,10009.2105,6554.8319,36137.0,36137.0,40037.8421,26219.3275,24.6961,24.9682,1.4322,12.8923,11.8577,7.9936,3249.8503,39134449539160319748752428573857942150568872293269673452737056425527975029291985761894436881521463594146509023458105491456000000000000000000,139.592559,0.0,4,43,0.0
40,K4_NAND_XOR_XNOR_NOT,nand | xor | xnor | not,4,FULL,27,9,33.33,33.33,19,13.636364,-26.666667,21.0,21.3333,1.7321,9.0,8.4444,1.236,15286.0,14113.1111,4001.5066,61145.0,61145.0,56453.4444,16006.0265,25.5784,26.032,1.7872,18.9146,19.4591,5.7698,3142.0574,39134449539160319748752428573857942150568872293269673452737056425527975029291985761894436881521463594146509023458105491456000000000000000000,139.592559,0.0,4,43,0.0
40,K4_NOR_XOR_XNOR_NOT,nor | xor | xnor | not,4,FULL,27,1,3.7,3.7,24,-9.090909,-60.0,24.0,24.0,,9.0,9.0,,19740.0,19740.0,,78961.0,78961.0,78961.0,,27.6653,26.881,2.7916,24.0995,24.0995,,2918.8136,39134449539160319748752428573857942150568872293269673452737056425527975029291985761894436881521463594146509023458105491456000000000000000000,139.592559,0.0,4,43,0.0
40,K4_OR_NAND_NOR_NOT,or | nand | nor | not,4,FULL,27,9,33.33,33.33,17,22.727273,-13.333333,19.0,18.4444,1.236,7.0,7.4444,1.5092,17097.0,12869.1111,5853.953,68389.0,68389.0,51477.4444,23415.8121,24.5036,24.5949,1.2104,16.1794,20.7702,7.652,3272.6836,39134449539160319748752428573857942150568872293269673452737056425527975029291985761894436881521463594146509023458105491456000000000000000000,139.592559,0.0,4,43,0.0
40,K4_OR_NAND_NOR_XNOR,or | nand | nor | xnor,4,FULL,27,24,88.89,88.89,14,36.363636,6.666667,17.5,17.75,1.7998,6.0,6.4583,1.3507,7885.0,9096.8333,5475.0166,31541.0,31541.0,36388.3333,21900.0664,24.0328,24.2699,1.5337,11.774,10.5013,6.7636,3342.23,39134449539160319748752428573857942150568872293269673452737056425527975029291985761894436881521463594146509023458105491456000000000000000000,139.592559,0.0,4,43,0.0
40,K4_OR_NAND_NOR_XOR,or | nand | nor | xor,4,FULL,27,25,92.59,92.59,15,31.818182,0.0,17.0,17.68,1.701,6.0,6.72,1.5416,6756.0,7665.6,4179.7852,27025.0,27025.0,30663.4,16719.1407,24.0071,24.6138,1.5367,9.8642,8.7885,5.4846,3346.0448,39134449539160319748752428573857942150568872293269673452737056425527975029291985761894436881521463594146509023458105491456000000000000000000,139.592559,0.0,4,43,0.0
40,K4_OR_NAND_XNOR_NOT,or | nand | xnor | not,4,FULL,27,16,59.26,59.26,16,27.272727,-6.666667,19.0,19.25,2.1134,6.5,6.375,0.8851,11183.0,11316.4375,4159.6904,44733.0,44733.0,45266.75,16638.7615,24.5426,25.1083,1.4569,14.1563,13.9147,5.4447,3271.0763,39134449539160319748752428573857942150568872293269673452737056425527975029291985761894436881521463594146509023458105491456000000000000000000,139.592559,0.0,4,43,0.0
40,K4_OR_NAND_XOR_NOT,or | nand | xor | not,4,FULL,27,14,51.85,51.85,15,31.818182,0.0,17.5,18.0714,1.9793,7.0,7.0,1.3587,7734.5,8722.5,4417.6898,30939.0,30939.0,34891.0,17670.7593,24.2328,24.6046,1.4805,11.0775,8.9251,6.0067,3313.2816,39134449539160319748752428573857942150568872293269673452737056425527975029291985761894436881521463594146509023458105491456000000000000000000,139.592559,0.0,4,43,0.0
40,K4_OR_NAND_XOR_XNOR,or | nand | xor | xnor,4,FULL,27,21,77.78,77.78,16,27.272727,-6.666667,19.0,19.5238,2.205,7.0,6.9524,1.3956,8729.0,8989.5714,4342.2267,34917.0,34917.0,35959.2857,17368.9067,25.0227,24.9066,2.5965,12.1588,10.0376,7.0089,3225.2775,39134449539160319748752428573857942150568872293269673452737056425527975029291985761894436881521463594146509023458105491456000000000000000000,139.592559,0.0,4,43,0.0
40,K4_OR_NOR_XNOR_NOT,or | nor | xnor | not,4,FULL,27,14,51.85,51.85,17,22.727273,-13.333333,19.0,19.2143,2.1547,7.0,6.7857,1.2514,6752.0,7481.0714,3552.6304,27009.0,27009.0,29925.2857,14210.5216,24.1132,24.0226,1.281,9.4474,8.4371,4.8206,3326.8195,39134449539160319748752428573857942150568872293269673452737056425527975029291985761894436881521463594146509023458105491456000000000000000000,139.592559,0.0,4,43,0.0
40,K4_OR_NOR_XOR_NOT,or | nor | xor | not,4,FULL,27,18,66.67,66.67,16,27.272727,-6.666667,19.0,19.3889,1.883,7.0,6.9444,0.9376,9552.0,10043.7778,4418.2536,38209.0,38209.0,40176.1111,17673.0145,23.8253,23.6793,1.094,12.4221,11.7662,5.596,3364.5556,39134449539160319748752428573857942150568872293269673452737056425527975029291985761894436881521463594146509023458105491456000000000000000000,139.592559,0.0,4,43,0.0
40,K4_OR_NOR_XOR_XNOR,or | nor | xor | xnor,4,FULL,27,18,66.67,66.67,16,27.272727,-6.666667,19.5,20.0,2.7225,8.0,7.6111,1.0922,9118.5,9421.5556,3866.3475,36475.0,36475.0,37687.2222,15465.39,24.5876,24.8611,1.25,11.9687,12.2101,5.0212,3261.9348,39134449539160319748752428573857942150568872293269673452737056425527975029291985761894436881521463594146509023458105491456000000000000000000,139.592559,0.0,4,43,0.0
40,K4_OR_XOR_XNOR_NOT,or | xor | xnor | not,4,FULL,27,6,22.22,22.22,17,22.727273,-13.333333,20.0,20.1667,2.3166,7.0,7.5,1.7607,10361.5,9956.1667,3790.0791,41447.0,41447.0,39825.6667,15160.3165,24.2307,24.3612,1.4446,12.1844,12.8418,5.4313,3313.0456,39134449539160319748752428573857942150568872293269673452737056425527975029291985761894436881521463594146509023458105491456000000000000000000,139.592559,0.0,4,43,0.0
40,K5_AND_NAND_NOR_XNOR_NOT,and | nand | nor | xnor | not,5,FULL,27,16,59.26,59.26,16,27.272727,-6.666667,19.0,18.9375,1.6919,7.5,7.3125,1.9568,10891.0,11719.625,5317.0621,43565.0,43565.0,46879.5,21268.2484,25.7042,25.6823,1.6571,15.8299,15.211,7.1801,3124.9283,294414875877266103015272375485042853490713332555355730515845812639460038789667812802560000000000000000000000000000000000000000000000000000000000,143.46896,0.0,4,43,0.0
40,K5_AND_NAND_NOR_XOR_NOT,and | nand | nor | xor | not,5,FULL,27,19,70.37,70.37,15,31.818182,0.0,17.0,17.9474,2.1206,6.0,6.6842,1.0029,8648.0,10096.6842,4658.9756,34593.0,34593.0,40387.7368,18635.9023,24.9637,24.972,1.1058,12.8131,11.626,6.135,3210.8436,294414875877266103015272375485042853490713332555355730515845812639460038789667812802560000000000000000000000000000000000000000000000000000000000,143.46896,0.0,4,43,0.0
40,K5_AND_NAND_NOR_XOR_XNOR,and | nand | nor | xor | xnor,5,FULL,27,23,85.19,85.19,16,27.272727,-6.666667,19.0,19.087,2.5922,7.0,7.0,1.206,9140.0,10231.7826,5367.1871,36561.0,36561.0,40928.1304,21468.7483,26.2817,26.1929,1.7973,13.9432,13.6042,7.3214,3057.4041,294414875877266103015272375485042853490713332555355730515845812639460038789667812802560000000000000000000000000000000000000000000000000000000000,143.46896,0.0,4,43,0.0
40,K5_AND_NAND_XOR_XNOR_NOT,and | nand | xor | xnor | not,5,FULL,27,9,33.33,33.33,16,27.272727,-6.666667,19.0,20.3333,3.5,7.0,8.0,1.3229,9284.0,9614.6667,4886.3674,37137.0,37137.0,38459.6667,19545.4696,27.475,27.7587,2.4803,13.8473,14.5551,7.0977,2934.554,294414875877266103015272375485042853490713332555355730515845812639460038789667812802560000000000000000000000000000000000000000000000000000000000,143.46896,0.0,4,43,0.0
40,K5_AND_NOR_XOR_XNOR_NOT,and | nor | xor | xnor | not,5,FULL,27,13,48.15,48.15,18,18.181818,-20.0,21.0,21.6154,2.4337,7.0,7.2308,1.0919,14377.0,14127.8462,4179.5119,57509.0,57509.0,56512.3846,16718.0474,27.58,27.4152,2.9003,19.9536,20.4496,7.4068,2928.9883,294414875877266103015272375485042853490713332555355730515845812639460038789667812802560000000000000000000000000000000000000000000000000000000000,143.46896,0.0,4,43,0.0
40,K5_AND_OR_NAND_NOR_NOT,and | or | nand | nor | not,5,FULL,27,15,55.56,55.56,16,27.272727,-6.666667,18.0,18.8,1.6987,7.0,6.8,1.0823,12043.0,12262.5333,4560.5683,48173.0,48173.0,49051.1333,18242.2731,25.4932,25.5588,1.2669,15.7133,16.1599,5.9171,3145.7055,294414875877266103015272375485042853490713332555355730515845812639460038789667812802560000000000000000000000000000000000000000000000000000000000,143.46896,0.0,4,43,0.0
40,K5_AND_OR_NAND_NOR_XNOR,and | or | nand | nor | xnor,5,FULL,27,23,85.19,85.19,14,36.363636,6.666667,17.0,17.087,1.7815,7.0,6.8696,1.3247,8519.0,8732.1739,3799.3503,34077.0,34077.0,34929.6957,15197.4013,25.4608,25.5181,1.6265,12.1667,10.9354,5.1293,3154.7743,294414875877266103015272375485042853490713332555355730515845812639460038789667812802560000000000000000000000000000000000000000000000000000000000,143.46896,0.0,4,43,0.0
40,K5_AND_OR_NAND_NOR_XOR,and | or | nand | nor | xor,5,FULL,27,24,88.89,88.89,15,31.818182,0.0,17.0,17.0,1.5604,6.0,6.0833,1.018,6085.5,7540.9583,4359.6936,24343.0,24343.0,30164.8333,17438.7742,25.1638,25.2869,2.0336,10.4651,9.5569,5.9384,3198.5367,294414875877266103015272375485042853490713332555355730515845812639460038789667812802560000000000000000000000000000000000000000000000000000000000,143.46896,0.0,4,43,0.0
40,K5_AND_OR_NAND_XNOR_NOT,and | or | nand | xnor | not,5,FULL,27,22,81.48,81.48,15,31.818182,0.0,18.0,18.2727,2.1421,7.0,7.2727,1.1622,9781.5,10664.1364,4893.6945,39127.0,39127.0,42657.5455,19574.7779,24.8056,25.0973,1.5533,13.4573,11.7528,6.2169,3237.4674,294414875877266103015272375485042853490713332555355730515845812639460038789667812802560000000000000000000000000000000000000000000000000000000000,143.46896,0.0,4,43,0.0
40,K5_AND_OR_NAND_XOR_NOT,and | or | nand | xor | not,5,FULL,27,20,74.07,74.07,14,36.363636,6.666667,18.0,18.3,2.4083,7.0,6.95,1.2763,7968.0,9696.05,5217.1462,31873.0,31873.0,38785.2,20868.5849,25.0398,25.4381,1.332,12.4955,8.9868,6.878,3203.8138,294414875877266103015272375485042853490713332555355730515845812639460038789667812802560000000000000000000000000000000000000000000000000000000000,143.46896,0.0,4,43,0.0
40,K5_AND_OR_NAND_XOR_XNOR,and | or | nand | xor | xnor,5,FULL,27,21,77.78,77.78,16,27.272727,-6.666667,19.0,18.5714,1.7196,6.0,6.381,1.0235,8216.0,8472.5714,4229.448,32865.0,32865.0,33891.2857,16917.7921,25.6603,25.6786,1.6512,11.5274,11.758,5.4629,3130.1647,294414875877266103015272375485042853490713332555355730515845812639460038789667812802560000000000000000000000000000000000000000000000000000000000,143.46896,0.0,4,43,0.0
40,K5_AND_OR_NOR_XNOR_NOT,and | or | nor | xnor | not,5,FULL,27,23,85.19,85.19,15,31.818182,0.0,19.0,18.5217,1.8798,7.0,6.8696,1.2542,9463.0,10054.9565,5010.8532,37853.0,37853.0,40220.8261,20043.4128,24.9112,25.1477,1.0741,12.9559,12.8705,6.4503,3217.22,294414875877266103015272375485042853490713332555355730515845812639460038789667812802560000000000000000000000000000000000000000000000000000000000,143.46896,0.0,4,43,0.0
40,K5_AND_OR_NOR_XOR_NOT,and | or | nor | xor | not,5,FULL,27,18,66.67,66.67,16,27.272727,-6.666667,18.0,18.2778,1.5645,6.5,6.6111,0.9785,7789.0,8646.6111,4464.7309,31157.0,31157.0,34587.4444,17858.9234,26.3132,26.9009,1.8579,11.4041,11.1265,6.2136,3055.9106,294414875877266103015272375485042853490713332555355730515845812639460038789667812802560000000000000000000000000000000000000000000000000000000000,143.46896,0.0,4,43,0.0
40,K5_AND_OR_NOR_XOR_XNOR,and | or | nor | xor | xnor,5,FULL,27,21,77.78,77.78,16,27.272727,-6.666667,20.0,19.4286,2.4202,7.0,7.3333,1.354,8903.0,8787.2381,4656.4393,35613.0,35613.0,35149.9524,18625.7574,26.0614,26.1018,2.0114,11.7974,10.2314,6.7167,3087.0772,294414875877266103015272375485042853490713332555355730515845812639460038789667812802560000000000000000000000000000000000000000000000000000000000,143.46896,0.0,4,43,0.0
40,K5_AND_OR_XOR_XNOR_NOT,and | or | xor | xnor | not,5,FULL,27,23,85.19,85.19,16,27.272727,-6.666667,19.0,19.7826,2.8597,7.0,6.9565,1.2961,11491.0,10555.5217,4036.4683,45965.0,45965.0,42223.087,16145.8731,27.938,26.7804,3.5766,15.2196,14.8355,5.7631,2907.4235,294414875877266103015272375485042853490713332555355730515845812639460038789667812802560000000000000000000000000000000000000000000000000000000000,143.46896,0.0,4,43,0.0
40,K5_NAND_NOR_XOR_XNOR_NOT,nand | nor | xor | xnor | not,5,FULL,27,14,51.85,51.85,17,22.727273,-13.333333,19.0,19.2857,2.0164,8.0,8.0,1.7974,11353.0,11365.2143,5025.4711,45413.0,45413.0,45461.8571,20101.8846,26.2724,25.9475,1.8357,14.6781,14.861,7.2746,3059.4179,294414875877266103015272375485042853490713332555355730515845812639460038789667812802560000000000000000000000000000000000000000000000000000000000,143.46896,0.0,4,43,0.0
40,K5_OR_NAND_NOR_XNOR_NOT,or | nand | nor | xnor | not,5,FULL,27,23,85.19,85.19,15,31.818182,0.0,18.0,17.913,1.8319,7.0,6.9565,1.5219,10606.0,10808.9565,5437.563,42425.0,42425.0,43236.8261,21750.2522,25.8539,25.3422,1.8906,14.1571,15.1404,7.5726,3109.6965,294414875877266103015272375485042853490713332555355730515845812639460038789667812802560000000000000000000000000000000000000000000000000000000000,143.46896,0.0,4,43,0.0
40,K5_OR_NAND_NOR_XOR_NOT,or | nand | nor | xor | not,5,FULL,27,20,74.07,74.07,16,27.272727,-6.666667,18.0,18.3,1.5252,7.0,6.6,1.3139,8174.5,9554.8,4794.3112,32699.0,32699.0,38220.2,19177.2448,25.8698,25.9553,2.1626,13.2613,11.7113,6.8174,3114.1357,294414875877266103015272375485042853490713332555355730515845812639460038789667812802560000000000000000000000000000000000000000000000000000000000,143.46896,0.0,4,43,0.0
40,K5_OR_NAND_NOR_XOR_XNOR,or | nand | nor | xor | xnor,5,FULL,27,21,77.78,77.78,14,36.363636,6.666667,18.0,18.1429,1.7688,7.0,7.0476,1.431,9033.0,9716.5238,5365.6438,36133.0,36133.0,38867.0952,21462.575,25.9399,26.6595,4.145,12.8967,11.3045,7.1805,3170.2407,294414875877266103015272375485042853490713332555355730515845812639460038789667812802560000000000000000000000000000000000000000000000000000000000,143.46896,0.0,4,43,0.0
40,K5_OR_NAND_XOR_XNOR_NOT,or | nand | xor | xnor | not,5,FULL,27,19,70.37,70.37,16,27.272727,-6.666667,18.0,18.6842,2.029,7.0,7.0526,1.7151,12632.0,12080.8947,4598.7353,50529.0,50529.0,48324.5789,18394.941,26.4779,26.7596,1.9089,16.1024,17.5185,5.791,3037.0072,294414875877266103015272375485042853490713332555355730515845812639460038789667812802560000000000000000000000000000000000000000000000000000000000,143.46896,0.0,4,43,0.0
40,K5_OR_NOR_XOR_XNOR_NOT,or | nor | xor | xnor | not,5,FULL,27,20,74.07,74.07,15,31.818182,0.0,19.5,19.35,1.9808,7.0,6.75,1.0195,10831.5,11718.7,5077.5902,43327.0,43327.0,46875.8,20310.3607,26.1219,26.071,2.1947,15.8546,14.877,7.1188,3083.2187,294414875877266103015272375485042853490713332555355730515845812639460038789667812802560000000000000000000000000000000000000000000000000000000000,143.46896,0.0,4,43,0.0
40,K6_AND_NAND_NOR_XOR_XNOR_NOT,and | nand | nor | xor | xnor | not,6,FULL,27,17,62.96,62.96,14,36.363636,6.666667,19.0,19.1765,2.0073,7.0,7.1765,1.4246,9469.0,9637.0588,5481.1596,37877.0,37877.0,38549.2353,21924.6384,26.5995,26.4526,3.7351,13.0046,13.357,7.3568,3048.3953,432722613751553366967402652121409510674620131313919113814452923900991043994883822900446217597221125366482923089377746913754873856000000000000000000,146.63621,0.0,4,43,0.0
40,K6_AND_OR_NAND_NOR_XNOR_NOT,and | or | nand | nor | xnor | not,6,FULL,27,19,70.37,70.37,15,31.818182,0.0,18.0,18.6316,1.7388,7.0,7.1579,1.214,7122.0,8385.1053,5648.2177,28489.0,28489.0,33541.4211,22592.8709,25.5906,25.3252,2.0464,10.8983,8.8835,7.4097,3144.7759,432722613751553366967402652121409510674620131313919113814452923900991043994883822900446217597221125366482923089377746913754873856000000000000000000,146.63621,0.0,4,43,0.0
40,K6_AND_OR_NAND_NOR_XOR_NOT,and | or | nand | nor | xor | not,6,FULL,27,18,66.67,66.67,13,40.909091,13.333333,17.5,17.3889,1.883,7.0,6.5556,1.149,9304.0,9583.6667,5132.4514,37217.0,37217.0,38335.6667,20529.8055,26.4369,26.732,1.9706,12.755,12.3241,7.4825,3043.16,432722613751553366967402652121409510674620131313919113814452923900991043994883822900446217597221125366482923089377746913754873856000000000000000000,146.63621,0.0,4,43,0.0
40,K6_AND_OR_NAND_NOR_XOR_XNOR,and | or | nand | nor | xor | xnor,6,FULL,27,23,85.19,85.19,15,31.818182,0.0,17.0,17.6957,2.285,7.0,6.7826,1.0426,9495.0,8821.3478,4039.8734,37981.0,37981.0,35286.3913,16159.4937,25.9495,25.8354,1.7528,11.8886,12.5999,4.9897,3096.4894,432722613751553366967402652121409510674620131313919113814452923900991043994883822900446217597221125366482923089377746913754873856000000000000000000,146.63621,0.0,4,43,0.0
40,K6_AND_OR_NAND_XOR_XNOR_NOT,and | or | nand | xor | xnor | not,6,FULL,27,19,70.37,70.37,15,31.818182,0.0,18.0,18.2105,2.2504,7.0,7.1053,1.1002,10657.0,10626.4737,4491.044,42629.0,42629.0,42506.8947,17964.1759,25.4918,25.5597,1.641,13.9876,13.8663,6.3375,3151.1034,432722613751553366967402652121409510674620131313919113814452923900991043994883822900446217597221125366482923089377746913754873856000000000000000000,146.63621,0.0,4,43,0.0
40,K6_AND_OR_NOR_XOR_XNOR_NOT,and | or | nor | xor | xnor | not,6,FULL,27,16,59.26,59.26,16,27.272727,-6.666667,18.5,19.4375,2.8277,7.5,7.875,1.6683,10498.5,10180.625,4572.9672,41995.0,41995.0,40723.5,18291.8686,26.2982,26.1841,1.9752,13.4847,14.2726,6.0818,3058.3536,432722613751553366967402652121409510674620131313919113814452923900991043994883822900446217597221125366482923089377746913754873856000000000000000000,146.63621,0.0,4,43,0.0
40,K6_OR_NAND_NOR_XOR_XNOR_NOT,or | nand | nor | xor | xnor | not,6,FULL,27,21,77.78,77.78,15,31.818182,0.0,18.0,17.7143,1.4541,7.0,7.0,1.1832,7006.0,8416.8095,3521.9982,28025.0,28025.0,33668.2381,14087.9929,28.1366,26.8374,4.1068,13.0379,10.927,5.7898,2890.6922,432722613751553366967402652121409510674620131313919113814452923900991043994883822900446217597221125366482923089377746913754873856000000000000000000,146.63621,0.0,4,43,0.0
40,K7_AND_OR_NAND_NOR_XOR_XNOR_NOT,and | or | nand | nor | xor | xnor | not,7,FULL,27,23,85.19,85.19,15,31.818182,0.0,18.0,18.2174,1.999,7.0,6.7391,1.1369,8456.0,9110.3913,4265.2132,33825.0,33825.0,36442.5652,17060.8529,28.3422,27.7158,3.2232,13.3093,12.5985,6.9211,2858.8116,206101511551267131326798752531023553480376526763236780418432681777965367810444594327832457824468000363188599205193073423138900934656000000000000000000,149.314081,0.0,4,43,0.0
