funcao,chamadas,amostras,tempo_amostras_s,total_estimado_s,intervalos,medicao,latencia_media_amostras_us
simula,138241728,1384128,324.9428470831772,32454.12323283553,[100],estimada por amostragem; inclusiva,234.76358189645555
ligantes,622131214,6222528,80.04626900047879,8003.062547331993,[100],estimada por amostragem; inclusiva,12.863946775406843
mutacao,138240000,1382400,399.21321860080934,39921.321860080934,[100],estimada por amostragem; inclusiva,288.78271021470584
melhor_candidato,34560000,345600,33.19329091050895,3319.329091050895,[100],estimada por amostragem; inclusiva,96.04540194013006
salva_csv_execucao,1728,1728,2.2284117999952286,2.2284117999952286,[1],exata inclusiva,1289.5901620342759
salva_individuo_txt,1728,1728,1.4328453999769408,1.4328453999769408,[1],exata inclusiva,829.1929398014704
salva_evolucao_csv,1728,1728,39.76474639971275,39.76474639971275,[1],exata inclusiva,23012.006018352284
salva_grafico_evolucao,1728,1728,1206.3056249992223,1206.3056249992223,[1],exata inclusiva,698093.5329856611
gera_verilog,1102,1102,0.7859979995700996,0.7859979995700996,[1],exata inclusiva,713.2468235663337
desenha_cgp_graphviz_organizado,1102,1102,812.3924929995846,812.3924929995846,[1],exata inclusiva,737198.269509605
