nos,conjunto,levels_back,execucoes_planejadas,tentativas_registradas,execucoes_concluidas,erros_tecnicos,cobertura_tecnica_percentual,integridade_configuracao,mensagens_erro_tecnico
40,K4_AND_NAND_NOR_NOT,FULL,27,27,27,0,100.0,COMPLETA,
40,K4_AND_NAND_NOR_XNOR,FULL,27,27,27,0,100.0,COMPLETA,
40,K4_AND_NAND_NOR_XOR,FULL,27,27,27,0,100.0,COMPLETA,
40,K4_AND_NAND_XNOR_NOT,FULL,27,27,27,0,100.0,COMPLETA,
40,K4_AND_NAND_XOR_NOT,FULL,27,27,27,0,100.0,COMPLETA,
40,K4_AND_NAND_XOR_XNOR,FULL,27,27,27,0,100.0,COMPLETA,
40,K4_AND_NOR_XNOR_NOT,FULL,27,27,27,0,100.0,COMPLETA,
40,K4_AND_NOR_XOR_NOT,FULL,27,27,27,0,100.0,COMPLETA,
40,K4_AND_NOR_XOR_XNOR,FULL,27,27,27,0,100.0,COMPLETA,
40,K4_AND_OR_NAND_NOR,FULL,27,27,27,0,100.0,COMPLETA,
40,K4_AND_OR_NAND_NOT,FULL,27,27,27,0,100.0,COMPLETA,
40,K4_AND_OR_NAND_XNOR,FULL,27,27,27,0,100.0,COMPLETA,
40,K4_AND_OR_NAND_XOR,FULL,27,27,27,0,100.0,COMPLETA,
40,K4_AND_OR_NOR_NOT,FULL,27,27,27,0,100.0,COMPLETA,
40,K4_AND_OR_NOR_XNOR,FULL,27,27,27,0,100.0,COMPLETA,
40,K4_AND_OR_NOR_XOR,FULL,27,27,27,0,100.0,COMPLETA,
40,K4_AND_OR_XNOR_NOT,FULL,27,27,27,0,100.0,COMPLETA,
40,K4_AND_OR_XOR_NOT,FULL,27,27,27,0,100.0,COMPLETA,
40,K4_AND_OR_XOR_XNOR,FULL,27,27,27,0,100.0,COMPLETA,
40,K4_AND_XOR_XNOR_NOT,FULL,27,27,27,0,100.0,COMPLETA,
40,K4_NAND_NOR_XNOR_NOT,FULL,27,27,27,0,100.0,COMPLETA,
40,K4_NAND_NOR_XOR_NOT,FULL,27,27,27,0,100.0,COMPLETA,
40,K4_NAND_NOR_XOR_XNOR,FULL,27,27,27,0,100.0,COMPLETA,
40,K4_NAND_XOR_XNOR_NOT,FULL,27,27,27,0,100.0,COMPLETA,
40,K4_NOR_XOR_XNOR_NOT,FULL,27,27,27,0,100.0,COMPLETA,
40,K4_OR_NAND_NOR_NOT,FULL,27,27,27,0,100.0,COMPLETA,
40,K4_OR_NAND_NOR_XNOR,FULL,27,27,27,0,100.0,COMPLETA,
40,K4_OR_NAND_NOR_XOR,FULL,27,27,27,0,100.0,COMPLETA,
40,K4_OR_NAND_XNOR_NOT,FULL,27,27,27,0,100.0,COMPLETA,
40,K4_OR_NAND_XOR_NOT,FULL,27,27,27,0,100.0,COMPLETA,
40,K4_OR_NAND_XOR_XNOR,FULL,27,27,27,0,100.0,COMPLETA,
40,K4_OR_NOR_XNOR_NOT,FULL,27,27,27,0,100.0,COMPLETA,
40,K4_OR_NOR_XOR_NOT,FULL,27,27,27,0,100.0,COMPLETA,
40,K4_OR_NOR_XOR_XNOR,FULL,27,27,27,0,100.0,COMPLETA,
40,K4_OR_XOR_XNOR_NOT,FULL,27,27,27,0,100.0,COMPLETA,
40,K5_AND_NAND_NOR_XNOR_NOT,FULL,27,27,27,0,100.0,COMPLETA,
40,K5_AND_NAND_NOR_XOR_NOT,FULL,27,27,27,0,100.0,COMPLETA,
40,K5_AND_NAND_NOR_XOR_XNOR,FULL,27,27,27,0,100.0,COMPLETA,
40,K5_AND_NAND_XOR_XNOR_NOT,FULL,27,27,27,0,100.0,COMPLETA,
40,K5_AND_NOR_XOR_XNOR_NOT,FULL,27,27,27,0,100.0,COMPLETA,
40,K5_AND_OR_NAND_NOR_NOT,FULL,27,27,27,0,100.0,COMPLETA,
40,K5_AND_OR_NAND_NOR_XNOR,FULL,27,27,27,0,100.0,COMPLETA,
40,K5_AND_OR_NAND_NOR_XOR,FULL,27,27,27,0,100.0,COMPLETA,
40,K5_AND_OR_NAND_XNOR_NOT,FULL,27,27,27,0,100.0,COMPLETA,
40,K5_AND_OR_NAND_XOR_NOT,FULL,27,27,27,0,100.0,COMPLETA,
40,K5_AND_OR_NAND_XOR_XNOR,FULL,27,27,27,0,100.0,COMPLETA,
40,K5_AND_OR_NOR_XNOR_NOT,FULL,27,27,27,0,100.0,COMPLETA,
40,K5_AND_OR_NOR_XOR_NOT,FULL,27,27,27,0,100.0,COMPLETA,
40,K5_AND_OR_NOR_XOR_XNOR,FULL,27,27,27,0,100.0,COMPLETA,
40,K5_AND_OR_XOR_XNOR_NOT,FULL,27,27,27,0,100.0,COMPLETA,
40,K5_NAND_NOR_XOR_XNOR_NOT,FULL,27,27,27,0,100.0,COMPLETA,
40,K5_OR_NAND_NOR_XNOR_NOT,FULL,27,27,27,0,100.0,COMPLETA,
40,K5_OR_NAND_NOR_XOR_NOT,FULL,27,27,27,0,100.0,COMPLETA,
40,K5_OR_NAND_NOR_XOR_XNOR,FULL,27,27,27,0,100.0,COMPLETA,
40,K5_OR_NAND_XOR_XNOR_NOT,FULL,27,27,27,0,100.0,COMPLETA,
40,K5_OR_NOR_XOR_XNOR_NOT,FULL,27,27,27,0,100.0,COMPLETA,
40,K6_AND_NAND_NOR_XOR_XNOR_NOT,FULL,27,27,27,0,100.0,COMPLETA,
40,K6_AND_OR_NAND_NOR_XNOR_NOT,FULL,27,27,27,0,100.0,COMPLETA,
40,K6_AND_OR_NAND_NOR_XOR_NOT,FULL,27,27,27,0,100.0,COMPLETA,
40,K6_AND_OR_NAND_NOR_XOR_XNOR,FULL,27,27,27,0,100.0,COMPLETA,
40,K6_AND_OR_NAND_XOR_XNOR_NOT,FULL,27,27,27,0,100.0,COMPLETA,
40,K6_AND_OR_NOR_XOR_XNOR_NOT,FULL,27,27,27,0,100.0,COMPLETA,
40,K6_OR_NAND_NOR_XOR_XNOR_NOT,FULL,27,27,27,0,100.0,COMPLETA,
40,K7_AND_OR_NAND_NOR_XOR_XNOR_NOT,FULL,27,27,27,0,100.0,COMPLETA,
